amount,avg_amount_24h,velocity_1h,velocity_24h,location_deviation_km,device_mismatch,known_device_session,hour_of_day,label,amount_delta_ratio
1675.7138652126778,371.0839632588354,0,10,0.0,0,0,8,0,4.52
2948.89276335374,2314.9038071246873,1,9,0.0,0,1,18,0,1.27
1311.7436102924676,3213.563470004894,3,11,15.520134589423357,0,0,19,0,0.41
5449.62621968224,3134.7226563494787,0,7,21.066007333380167,0,1,20,0,1.74
1043.2741309931712,2964.995017377353,0,2,0.0,0,1,6,0,0.35
1089.9603011609538,2734.9820654577534,2,4,0.05035881665477149,0,1,16,0,0.4
5700.009067299317,1329.7164258968382,0,6,0.0,0,1,13,0,4.29
3991.50566097493,2562.8395878281635,3,3,0.0,0,1,21,0,1.56
205.56856047870315,1772.5756628390395,2,5,8.538713991473927,0,1,15,0,0.12
2701.117240834748,1452.929069102122,3,9,16.561553131702503,0,1,22,0,1.86
1535.0410723218326,1260.424929161763,1,12,0.2798995805015396,0,1,16,0,1.22
1264.161968994124,2337.3666186476216,1,6,24.764376498552192,0,1,12,0,0.54
4883.5139644380415,3851.9324183550307,3,12,8.281804000187298,1,1,16,0,1.27
50.0,3127.455600301125,3,6,10.511320409349523,0,1,21,0,0.02
5502.224554888979,913.4393223000409,0,5,15.899311263253985,0,1,19,0,6.02
3528.181347555082,3728.091732937946,2,5,5.569849575886187,0,1,15,0,0.95
50.0,3758.6844582058993,2,12,17.782568683851053,0,1,16,0,0.01
3556.581093597032,3191.433627212191,1,8,26.34235501392717,0,1,16,0,1.11
4008.2104209046574,1791.8674574110742,0,11,0.0,0,1,8,0,2.24
2998.7123061019934,3989.964715478488,2,3,0.0,0,1,11,0,0.75
2494.504366443319,827.0609874959027,3,10,0.0,0,1,16,0,3.02
5362.4070500770595,2077.2380239478503,1,8,14.892195110297221,0,1,16,0,2.58
2149.7132349937983,2791.621073617832,3,12,0.0,0,1,15,0,0.77
6494.832967502603,4210.649646845222,1,11,8.140284879978424,0,1,10,0,1.54
4707.556499472823,1819.9794917952518,3,9,7.743170802825233,0,1,18,0,2.59
4411.332967549035,2484.266282803995,3,5,19.142238209631252,0,1,8,0,1.78
1316.608301324792,2413.334053183309,2,13,6.841046445069751,0,1,8,0,0.55
975.3087404072819,2027.317752586837,0,2,37.74961489670402,0,1,13,0,0.48
1631.5783810511364,50.0,3,6,0.0,0,1,8,0,32.63
1396.9316858942448,2665.1495262487547,2,5,0.5857266504570546,0,0,11,0,0.52
2312.3914712723126,1876.2736590956802,3,3,0.0,0,0,16,0,1.23
3626.8943890899013,3388.7712518116887,2,14,2.481827388243718,0,1,18,0,1.07
50.0,2389.7823097299065,1,1,0.0,0,0,18,0,0.02
1181.0075687756425,3851.724241605163,0,11,0.0,0,1,21,0,0.31
3931.8333284985456,2906.7542790893376,2,12,20.002934749001103,0,1,6,0,1.35
1744.2718283440643,1017.2510808055797,2,10,16.625690853955746,0,1,16,0,1.71
6458.206644478609,1859.9345736676319,2,9,25.940194966848463,0,1,14,0,3.47
2705.2982325003,1847.0773820631857,3,6,3.8321135117652014,0,0,13,0,1.46
124909.25802137403,4559.9284126499315,8,28,3361.253901869176,1,0,1,1,27.39
5578.287140826196,4233.100475682855,1,8,6.108764091294573,0,1,11,0,1.32
5312.964824640538,2746.173624770833,0,13,0.0,0,1,12,0,1.93
4118.751219637883,529.8419997386948,3,10,19.168922936785194,0,1,6,0,7.77
3575.477805414189,5027.488357243999,1,2,18.149663884940907,0,1,19,0,0.71
4228.025023359865,2944.7297305891443,0,7,7.157408416718813,0,1,17,0,1.44
6107.296015877537,5584.386377133518,2,5,3.7864911460991983,0,1,15,0,1.09
50.0,3026.0862440588435,3,5,18.24987998439655,0,1,7,0,0.02
3782.960615496572,1952.3290842092817,3,8,0.0,0,1,12,0,1.94
641.0767135167366,2873.9497068095184,0,2,20.63073304707214,0,1,22,0,0.22
3784.000658709673,2342.4718298963367,2,5,21.59829174610269,0,1,15,0,1.62
3609.6675878017613,3005.693088458248,1,11,2.133930675868588,0,1,18,0,1.2
5786.014901700362,3374.8207034350476,3,13,3.747495591509468,0,1,21,0,1.71
1543.14514564685,4690.885704252512,1,2,23.009711861342307,0,0,13,0,0.33
2074.307181525912,3307.5849089973726,2,1,4.740892522426584,0,1,18,0,0.63
1778.1001421451374,2704.755340461512,3,9,6.35798632786552,0,1,12,0,0.66
2826.150187487624,2301.761009043476,0,7,18.494912356164683,0,1,17,0,1.23
534.1483725681942,2881.0218142034782,0,6,21.94495685588916,0,1,19,0,0.19
3735.3890320237047,1835.4818153966057,1,10,18.013209853372352,0,0,9,0,2.04
2518.0517842154372,330.1149339951794,2,4,11.932880399422901,0,0,12,0,7.63
2639.2232751386778,2452.5007420330617,2,4,10.729801842096526,0,1,17,0,1.08
6891.3852867629,3806.9646206960338,3,8,19.276588241638926,0,1,10,0,1.81
1541.7606644129326,1341.0252169789774,3,10,12.675498414668134,0,1,21,0,1.15
3250.53581079671,2411.5277452544,1,5,15.26817068036404,0,1,8,0,1.35
4811.63355447968,1950.35336514442,0,8,15.460556759870725,0,1,6,0,2.47
669.2336252916489,4287.644844089726,1,13,0.0,0,1,19,0,0.16
2521.846932276156,2869.8101064700986,1,1,6.065307323551517,0,1,10,0,0.88
2809.5811488130607,1601.490414856405,3,2,10.43070074853774,0,1,11,0,1.75
2173.2943764939855,2990.0218953299645,2,7,10.93554541855822,0,1,13,0,0.73
2825.0167767985204,1244.581336323294,3,9,27.298471129348176,0,1,18,0,2.27
3046.1934111700584,3598.0942292490645,0,12,10.728199760693322,0,0,19,0,0.85
3244.784616694757,451.06693040500613,2,8,10.691098473599876,0,1,15,0,7.19
3065.180194875647,1115.0212772956863,1,10,5.119231215219139,0,0,13,0,2.75
647.4886379397285,1415.0930006211036,0,12,20.047239271656426,0,1,10,0,0.46
6178.320300307007,3750.826380435621,3,4,13.051304286862393,0,1,14,0,1.65
3332.789181436779,2389.548953654765,1,6,0.47195094659057624,0,1,21,0,1.39
1487.2835145274094,1897.4498452714254,0,8,20.67699346403427,0,1,16,0,0.78
3374.370701242434,2028.0424635734253,2,3,0.0,0,1,14,0,1.66
4062.9945665612204,1822.8241146865098,2,4,8.804052101605773,0,1,14,0,2.23
4545.648077305142,2254.069280366038,0,1,45.89307420590195,0,1,20,0,2.02
2131.4480750522766,722.4039270998358,3,2,0.0,0,1,18,0,2.95
2479.6763996577643,1078.3630382439342,1,6,0.6826894241522758,0,1,12,0,2.3
2236.3229099650944,2696.2696136743216,0,6,2.7383964597441794,0,0,12,0,0.83
103.52840429611615,1741.1555363010132,3,6,6.60451417991251,0,0,15,0,0.06
7040.478126876673,2356.682718522191,1,5,17.9967193713205,0,1,21,0,2.99
3757.832872986589,3712.6288243920553,0,14,0.0,0,1,20,0,1.01
2493.262616977032,4946.528426581463,3,12,14.090082287324332,0,0,9,0,0.5
5069.687182413372,2589.0923616304276,3,14,7.9923980374908234,0,1,21,0,1.96
3946.4313100699783,2936.664404585888,0,4,0.0,0,1,11,0,1.34
3374.920474824212,1637.0974253338456,2,10,0.0,0,0,18,0,2.06
4323.112233450152,2494.9770932418837,1,2,0.0,0,0,10,0,1.73
1340.3999011445403,3647.353497730067,2,3,11.55884935968766,0,1,20,0,0.37
1290.059002877468,2974.5439159558696,3,7,0.0,0,1,6,0,0.43
4790.788065833137,78.10709704039755,1,2,0.0,0,1,10,0,61.34
4568.9311198415035,4002.452276438395,3,6,30.131650078457554,0,1,17,0,1.14
4321.869595267337,4091.354884044021,3,1,10.626950258667973,0,1,14,0,1.06
2195.906737386437,2421.243181736096,1,9,7.925687665880757,1,1,6,0,0.91
2312.787240381351,4834.566947037478,3,7,23.991940422085733,0,1,15,0,0.48
5756.788528185221,50.0,2,10,2.731347903050443,0,0,13,0,115.14
3225.383707650761,5194.683310407028,3,6,30.86591622917967,0,1,15,0,0.62
4315.276120402112,2889.853149288192,3,14,0.0,0,1,19,0,1.49
2243.176228503571,3847.7225323130738,0,5,6.056061728145887,1,1,10,0,0.58
2142.154730594395,3990.566342353097,1,12,27.361934305382228,0,1,17,0,0.54
1542.3752152273064,1979.853604266562,0,1,2.8905483647289465,0,1,10,0,0.78
7008.121214509897,573.8401582498991,3,13,11.127203636661935,0,1,18,0,12.21
1067.5493133740463,3380.831853006614,3,3,12.94403863514063,0,1,12,0,0.32
1974.3844871092006,2725.6888411588448,2,10,6.4705402179468035,0,1,9,0,0.72
8029.120904632732,2400.5235718221356,0,2,0.0,0,1,11,0,3.34
3606.983318751687,1346.1215306538045,3,9,1.1027693770053428,0,1,6,0,2.68
6147.090653721961,1749.3944177250878,1,7,16.49071703055183,0,1,20,0,3.51
4670.656497341309,2478.9835154180796,3,13,17.60060804628396,0,1,9,0,1.88
7679.3419489929865,2750.3990787567795,2,2,25.74758881238182,0,1,18,0,2.79
3260.632330187601,5586.31617429001,3,8,2.052592255340257,0,0,16,0,0.58
1727.0399806189,3965.6273551760105,2,11,7.644236132943524,0,1,7,0,0.44
2181.6357061137423,2026.9778282595878,3,8,8.952441992209351,0,0,12,0,1.08
962.8785648759927,2376.7432639901217,1,4,10.789317128071632,0,1,7,0,0.41
2821.0895518948573,1285.565198900157,2,3,21.094625326176562,0,0,19,0,2.19
7152.049965009603,2743.840405720771,2,14,30.303039396994727,0,0,20,0,2.61
2921.808264512877,2591.3133747070196,2,6,26.78136017076909,0,1,10,0,1.13
2970.2665593238603,3804.532238186519,1,2,15.722688380011753,0,1,17,0,0.78
1221.6505992983411,3202.5834786952983,3,12,0.0,0,1,17,0,0.38
3918.8823636177485,984.790585578013,3,8,0.0,0,0,15,0,3.98
73.44140357162905,4006.4589530893127,2,11,21.142129356924627,0,1,14,0,0.02
3540.1094524287337,2207.0526738968574,3,11,14.725188125073252,0,1,14,0,1.6
6185.577352614129,3750.827278870331,2,12,25.99064893473558,0,1,16,0,1.65
2505.8027826558773,3986.6198616081506,2,7,20.53299966650886,0,1,10,0,0.63
5023.44529895849,3520.5846438422905,0,12,9.665832396868565,0,1,9,0,1.43
50.0,2383.2031485537873,1,14,0.0,0,1,8,0,0.02
2966.8230028522066,3987.6482884829484,3,9,16.712563199482513,0,1,10,0,0.74
50.0,954.7783962692588,3,10,0.0,0,1,9,0,0.05
4317.713758040804,3481.633304468526,1,6,3.2476095410727073,0,1,14,0,1.24
3286.8736949983586,3237.363840765331,2,6,0.0,0,1,22,0,1.02
50.0,1523.1876461455063,0,8,0.0,0,1,7,0,0.03
3037.237168619476,2508.8391254204475,0,5,3.462549522412167,0,0,6,0,1.21
5853.856029347531,50.0,3,1,5.0831477381703944,0,1,14,0,117.08
3456.1620802598727,2178.847522124706,0,6,5.477505424161521,0,1,14,0,1.59
1687.5020677866264,3462.6668705861684,1,13,14.1575559031043,0,1,10,0,0.49
1626.2657750749702,4121.616506502984,3,11,0.0,0,1,13,0,0.39
860.0745555149258,3456.8379870393765,3,2,19.584647968715515,0,1,14,0,0.25
3537.5521953219213,1657.7553957388373,2,4,8.930919285388233,0,1,15,0,2.13
2735.9006748578363,787.967894442665,2,4,13.24981639202451,0,0,15,0,3.47
3314.4870512845773,2537.4141383975543,2,5,2.613254397400026,0,1,19,0,1.31
888.3167340762016,1286.1073245277646,0,12,0.0,0,1,8,0,0.69
5017.5629258770405,3899.8805621247507,0,14,3.7236139253525415,0,1,10,0,1.29
121047.51053084387,4877.829661616888,7,26,780.6796934414074,1,0,3,1,24.82
3377.8828164967044,484.69151801285943,3,14,0.0,0,1,12,0,6.97
909.2441019726152,6050.90870877172,0,10,0.0,0,1,17,0,0.15
4436.487283984978,1501.4297176312762,0,5,9.701935021476867,0,1,18,0,2.95
3014.4230728592997,3208.771695996249,0,14,8.390540381143092,0,1,15,0,0.94
3961.0300407671084,2895.994424798751,0,1,16.43513328028332,0,1,7,0,1.37
3054.982055303846,1805.9888501661458,0,3,12.46823903752221,0,1,19,0,1.69
3486.288502145756,50.0,0,6,0.0,0,1,6,0,69.73
2850.439936646578,1125.7264349359327,3,2,17.90629119450353,0,1,8,0,2.53
913.8876060343237,2689.9642445086315,3,12,25.81550381228893,0,1,21,0,0.34
3072.730549146361,1518.1965785197365,2,8,0.0,0,0,17,0,2.02
88313.25328312423,4747.805276143601,9,12,1292.7949685337087,1,0,3,1,18.6
3980.112510108489,3311.364861732229,1,9,10.613378153839246,0,1,18,0,1.2
2769.75791649228,2165.9602716386817,3,7,3.3635604831274133,0,1,14,0,1.28
1607.959325215733,2428.112874787405,1,2,11.95586058161596,0,1,9,0,0.66
1682.5215057749404,3159.2055021357987,2,1,0.0,0,1,17,0,0.53
2496.083346634661,2864.701626669564,0,11,11.84862872870955,0,1,12,0,0.87
1336.7060284414133,3560.0946089087083,3,1,29.270275174425638,0,1,15,0,0.38
2296.5817039607928,600.4534963333163,3,10,0.8121194469977944,0,1,19,0,3.82
3259.34803316083,4371.6725590015485,2,2,0.0,0,0,6,0,0.75
2864.0376585723247,2490.506811850328,0,4,38.70214199725335,0,1,17,0,1.15
2360.987001680792,3228.079812894072,3,11,8.640149435589803,0,1,17,0,0.73
935.8232449135392,2355.077707991192,0,11,14.15889789521757,1,1,15,0,0.4
5225.181834904406,1553.9704349520775,0,9,5.100262312886014,0,1,8,0,3.36
2997.3659582332157,3574.9366132447085,3,8,7.68027575848154,0,1,18,0,0.84
304.4039441136524,1017.1048257208579,3,6,2.088279742607636,0,1,7,0,0.3
2313.2861995539547,4325.144480069276,3,7,8.241088297285684,0,1,14,0,0.53
1939.450496043116,1496.438296052894,3,8,0.0,0,1,10,0,1.3
3045.8841094228615,2714.3342090737397,2,9,12.620397683844214,0,1,13,0,1.12
2798.986425178674,839.0518875897642,3,2,0.0,0,1,10,0,3.34
3691.4913029234763,3269.5644577087933,3,10,30.18155918661755,0,1,21,0,1.13
2670.402533608381,1182.2771762928085,2,9,8.963438492088516,0,1,16,0,2.26
2288.1450915278288,4220.821941687427,2,4,0.0,0,1,16,0,0.54
948.6923663057146,5124.049793118248,1,8,5.664334493611578,0,0,9,0,0.19
611.5630626840243,3882.8044299091634,2,4,17.970102465192213,0,0,22,0,0.16
4606.257323579795,1934.1052484209818,0,8,6.994175614065179,0,1,18,0,2.38
3272.9486052648494,3293.7740735745774,0,10,14.192822452096417,0,1,13,0,0.99
5459.3085969544045,2597.836335077787,1,13,10.502625267390513,0,1,9,0,2.1
6111.103605080614,1227.1689925218104,3,11,4.321109327592946,0,1,14,0,4.98
3720.7246634545445,1356.3095617240267,3,12,0.0,0,1,9,0,2.74
2970.688347514676,1851.815735113033,3,5,13.0201678754349,0,1,21,0,1.6
2119.3074027290986,1755.761854535301,1,4,0.0,0,1,12,0,1.21
1260.0523847645636,1600.125962343596,1,14,0.0,0,0,7,0,0.79
4106.2743699737,3420.9390504933185,1,11,16.099684987385057,0,1,13,0,1.2
909.6901845747213,1907.9374377601478,1,8,18.090132809924558,0,1,15,0,0.48
3524.3933560183386,2890.622563407122,1,1,0.0,0,1,10,0,1.22
2148.813140600492,3886.901244998102,3,2,10.454859796403928,0,1,18,0,0.55
885.5924870175086,2034.6271775508721,3,1,0.0,0,1,22,0,0.44
3925.153362246677,2795.53370979263,2,9,19.37935249062442,0,1,6,0,1.4
141.1426627976307,2543.443167111792,0,2,0.0,0,1,21,0,0.06
5026.690975316444,713.2869712775646,1,10,3.672606478473808,0,1,19,0,7.05
5147.794238788861,1746.9176767169952,2,4,10.844177553472978,1,0,18,0,2.95
3847.3307907527414,3629.658340588414,2,7,1.6458628109356166,0,1,15,0,1.06
5642.533905366938,2711.551145315751,2,9,20.683667182171224,0,1,7,0,2.08
50.0,1306.0786674204048,1,5,0.0,0,1,15,0,0.04
2995.6638750641373,2155.4838301653194,2,1,19.84766832895526,0,1,21,0,1.39
774.5976813162972,1777.429503232444,0,9,14.716423403644033,0,1,11,0,0.44
3362.5718451686425,2424.062885299854,3,11,4.121335892157195,0,1,17,0,1.39
255.66881742522492,3021.7451514575905,1,7,12.234679052400237,0,1,9,0,0.08
3413.424534403791,3201.7931644715354,3,14,8.290669470235546,0,1,11,0,1.07
5954.7655981916905,901.3627440507855,2,5,18.121058459122864,0,1,7,0,6.61
3823.1371442346745,4664.163193546967,2,7,0.0,1,0,20,0,0.82
3916.670309076444,1675.59911930331,1,6,0.0,0,1,12,0,2.34
3111.4128513740066,2992.661962069955,0,12,14.406092198899227,0,0,16,0,1.04
3383.18246128986,1152.8521736940215,1,7,5.571075336955038,0,1,17,0,2.93
3475.4634607001244,3834.417517764153,1,2,2.752221250670856,0,1,12,0,0.91
4195.412536331286,4820.577278494809,3,10,0.0,0,1,11,0,0.87
3514.659940027884,3143.1913659102693,0,6,10.061475382395447,0,1,10,0,1.12
3470.186008108549,4298.765994929046,0,5,7.3248097488168895,0,1,10,0,0.81
4282.755637377128,964.7318944942044,3,13,4.1123754514252475,0,1,17,0,4.44
4094.3674829590063,2266.2877279231757,2,5,17.37642451390845,0,1,21,0,1.81
2735.51545600128,888.6952608609874,0,14,5.557716436914269,0,1,6,0,3.08
50.0,3645.0683865200745,3,4,10.913501733141471,0,1,21,0,0.01
818.8097243781519,3060.0121576969177,3,4,19.558680075964066,0,0,15,0,0.27
4960.75671983836,2238.8235337171604,2,5,42.66984793047524,0,1,22,0,2.22
1335.20908915382,1884.4063009639078,0,2,23.972527601460015,0,1,8,0,0.71
1912.835893916077,3225.699884727759,1,3,0.288297602397936,0,1,15,0,0.59
3411.7756501468666,2239.9680951328955,2,2,0.35516053994189,0,1,14,0,1.52
4905.168665128991,3786.2835474191897,2,14,0.0,0,1,8,0,1.3
2462.1922163287863,2775.347769333595,2,9,4.5751311350568535,0,1,14,0,0.89
3067.7107166564915,3217.349061435501,3,10,0.0,0,1,13,0,0.95
50.0,3261.255585394901,3,1,9.59622794820404,0,1,19,0,0.02
3839.3246395346496,132.75493096739774,1,3,0.0,0,0,9,0,28.92
775.1271608161217,2985.8467440628906,1,7,34.30049536581261,0,1,9,0,0.26
50.0,1909.3397761892707,1,6,18.646663947574304,1,0,14,0,0.03
50.0,3300.4546571003834,0,5,19.199081218763105,0,1,20,0,0.02
2130.5537536216784,1981.6487492153,1,11,0.0,0,1,22,0,1.08
4319.08640479604,1356.9560004451773,0,14,30.820412532790282,0,1,9,0,3.18
813.2667439923871,2226.7868449770067,0,12,15.385414975489805,1,1,6,0,0.37
4762.849584049418,2177.3776343875943,3,7,6.822455133968537,0,1,11,0,2.19
1668.7274857537786,2329.8650245595236,3,7,0.0,0,1,16,0,0.72
898.7590132026476,2657.4345872120753,2,2,13.845066960050278,0,1,14,0,0.34
165.8043966933942,1520.1476485639344,3,7,25.717728871000666,0,1,22,0,0.11
4529.968275016389,2287.6673425343947,2,8,0.0,0,1,15,0,1.98
1992.0202834953075,428.19948927717405,3,7,15.487891524358153,0,1,7,0,4.65
2357.6292999767775,4109.338734017543,0,13,0.0,0,1,19,0,0.57
4742.217350625004,2136.332577561174,1,9,15.587717625100238,0,1,18,0,2.22
3715.0755850323058,1906.6449312327659,3,12,8.282122592413696,0,1,15,0,1.95
2862.3013735334603,4226.890100183464,3,8,0.0,0,1,11,0,0.68
50.0,2705.3366782375247,1,13,21.221111135951325,0,1,15,0,0.02
1422.3600727834523,2145.886412917255,0,11,3.6877302162900136,0,1,17,0,0.66
1934.3500008865467,879.3399415049266,0,2,8.306188796639784,0,1,14,0,2.2
1790.642504642058,3518.0877387554056,3,13,8.217806335345582,0,1,13,0,0.51
2903.338128588684,1911.7646638263764,1,2,27.753904985317313,0,1,17,0,1.52
3885.4123361680176,4857.562623859705,3,11,8.02067360578225,0,1,12,0,0.8
4591.882509301573,2624.1485978724368,3,13,16.625681668974348,0,1,8,0,1.75
50.0,2241.323950404902,2,5,7.710916973628333,0,1,14,0,0.02
5745.565382214997,1704.820539928266,2,4,20.920288773445336,0,1,13,0,3.37
1918.2660245395296,3270.7025801059576,2,11,11.054251987887355,0,1,8,0,0.59
1528.5240961915733,4210.9545682927055,1,12,25.02158549971702,0,1,21,0,0.36
3765.3345445256086,2951.314441064789,1,5,0.0,0,1,10,0,1.28
3393.898369583076,3876.2221061800547,0,1,15.730735094514232,0,1,16,0,0.88
50.0,1966.6665714482817,1,6,2.4389426150084006,0,1,17,0,0.03
2402.2588279845627,3840.526973747237,2,4,3.3062982961053793,0,1,12,0,0.63
5622.771604714898,1925.995133810367,1,11,0.0,0,1,8,0,2.92
2749.450464812742,2050.6217326170186,1,14,0.0,0,1,9,0,1.34
4246.453034881482,1528.5790514432804,3,11,26.68377602588838,0,1,7,0,2.78
2059.0510200108233,50.0,3,2,0.0,1,1,22,0,41.18
1980.0498789938251,2593.553676952048,1,10,22.90511374577285,0,1,9,0,0.76
1370.721624942064,2295.167024537356,2,2,0.0,0,1,11,0,0.6
2623.467576641486,3498.1977425156556,2,8,13.868095459627135,0,1,21,0,0.75
3212.897790686427,2964.8248575933017,2,8,0.0,0,1,7,0,1.08
1342.9246259930205,3790.7624815346344,0,10,13.628367938674096,0,1,12,0,0.35
3000.4307729166003,4520.4977471499815,1,14,20.925146760397052,0,1,7,0,0.66
6069.74859305219,1258.8869690318593,1,9,0.0,0,1,9,0,4.82
3628.393550983114,2437.065080205399,0,3,9.646987720190626,0,1,9,0,1.49
1606.2872488538233,2794.6282971940414,0,9,2.0041256229805278,0,1,6,0,0.57
3082.68742140162,1988.4380943834383,0,13,17.171601458378213,0,0,19,0,1.55
7088.684108831332,2310.374525503791,0,4,6.77935372221396,0,0,11,0,3.07
2975.3441433240077,1229.6352784555643,0,5,22.95637651371439,0,1,21,0,2.42
86840.79068232272,4686.611794551926,5,17,2094.565073271055,1,0,4,1,18.53
2918.855255610189,4411.274147223482,2,4,0.0,0,1,7,0,0.66
3546.3093130480656,3461.6286836266586,3,7,12.302581754840844,0,1,19,0,1.02
4370.227623931183,1545.873637024306,3,11,4.562884656587117,0,1,17,0,2.83
2759.166504413836,4553.707358718988,2,2,0.0,0,1,12,0,0.61
2494.8087117392006,3521.7857522966438,2,8,10.279844960325711,0,1,16,0,0.71
617.1061617233381,3824.143845655013,0,9,3.3635973367173566,0,1,13,0,0.16
3126.365592150555,1827.5782090933587,2,10,0.0,0,0,8,0,1.71
3141.3528982402986,2182.323497327674,1,13,19.250894352650917,0,1,19,0,1.44
4363.664815417029,3284.3880947027683,2,9,1.516871055723497,0,1,13,0,1.33
2904.893795683804,2240.5933320136414,2,14,0.0,0,1,18,0,1.3
779.016821912209,2185.303769755664,0,10,14.668854090081688,0,1,17,0,0.36
3309.523458417981,2977.581469075458,1,3,0.0,0,1,14,0,1.11
4959.513604619507,4760.224756412853,2,8,12.584150488455055,0,1,7,0,1.04
4396.166297928529,852.9829393907232,0,2,0.0,0,1,10,0,5.15
2236.52388533283,3675.9149316366256,1,14,8.735039003075352,0,0,18,0,0.61
369.8215873724421,2031.7536470001628,1,7,12.942071286871048,0,1,14,0,0.18
6463.131944915922,3707.668573143699,1,1,11.356488900619558,0,0,15,0,1.74
3459.756533027014,1839.9813059529336,2,2,20.540510519137452,0,1,18,0,1.88
3347.9839410648683,4007.7026966291614,3,8,11.324640060679922,0,1,14,0,0.84
4599.41323576958,1870.7479996744187,2,4,0.0,0,1,17,0,2.46
50.0,2768.3378877276486,0,5,0.0,0,1,19,0,0.02
2277.881606912947,3422.180484808718,0,13,26.186355299341198,0,1,15,0,0.67
3119.313006346493,2447.859238589289,0,14,11.064393412166712,0,1,15,0,1.27
2161.54485467258,1898.4157687380662,0,10,11.428453360774359,0,1,13,0,1.14
3221.7370486784157,3986.9919981045214,1,7,0.0,0,0,17,0,0.81
1591.9321687647912,277.666777345466,1,5,0.0,0,1,22,0,5.73
731.4328050610707,2428.3045852474675,3,7,16.39950622082612,0,0,16,0,0.3
3943.271704265928,3009.6213438469053,1,9,13.688500009356613,0,1,12,0,1.31
2067.259174569415,1076.2624261689314,2,2,5.287699819049285,0,1,12,0,1.92
1734.4381460860359,3996.6003008430807,2,5,7.811159761747676,1,1,19,0,0.43
4050.4071009311356,3176.0786051952964,3,7,6.659686801950271,0,1,15,0,1.28
420.04726104259225,2723.4590348297615,1,13,0.0,0,1,22,0,0.15
1538.126516821952,2801.4565567554305,2,7,5.864068629439929,1,1,10,0,0.55
3277.5718241403697,1046.8985977604289,3,3,12.683017563926834,0,1,22,0,3.13
6115.871185422875,2231.221403505075,3,1,14.672449296156973,0,1,20,0,2.74
2894.4402370412386,4439.538104276471,0,13,34.54255568331974,0,1,21,0,0.65
3224.025767151809,3130.0864490344798,3,11,12.15046841135544,0,1,20,0,1.03
3317.1233698654546,2058.760454504407,2,12,0.0,0,1,7,0,1.61
6439.796111536256,2542.1806952686106,0,9,16.517823479135153,0,1,11,0,2.53
5263.812337426413,3352.163623451849,2,8,0.0,0,1,6,0,1.57
70395.33272625686,885.8574979403788,4,29,1663.2836340331012,1,0,0,1,79.47
3383.2225435419637,2448.231587116669,0,8,2.002684722361093,0,1,13,0,1.38
2602.4784730656693,4921.37124592707,2,14,0.0,0,1,7,0,0.53
2062.6319289375965,3157.7052448985705,3,2,0.0,0,1,9,0,0.65
1055.0825600704827,2293.3358342870824,2,9,20.97269204060596,0,1,21,0,0.46
2774.1987918785603,3373.1042889324203,0,5,13.398220617985977,0,1,11,0,0.82
395.70308325177484,3447.4192928257758,1,4,3.9035417628978966,0,1,8,0,0.11
50.0,2927.145616302172,0,6,29.368740477414917,0,1,19,0,0.02
7160.406221950292,4468.339372905998,3,3,14.450706586459685,0,0,20,0,1.6
914.8831365091412,1963.5886481057742,3,10,18.798695914568988,0,1,11,0,0.47
3161.530535096674,5223.5350831422365,3,11,0.0,0,1,6,0,0.61
4760.591494079426,1423.0951350742807,2,8,0.6512409489978292,0,1,19,0,3.35
2057.793630031485,3278.2790055592423,1,9,0.0,0,1,7,0,0.63
1662.2455189439604,2268.1443750901685,1,9,0.0,0,1,22,0,0.73
1821.7080857212577,3970.1937461198268,1,8,12.953915685877277,0,0,10,0,0.46
3476.9252733773883,1632.422384078729,3,4,0.0,0,1,20,0,2.13
4565.9310376452995,2610.990893584729,1,11,0.0,0,1,19,0,1.75
2252.186911147741,2393.8817482692666,1,12,0.0,0,1,15,0,0.94
2287.2086805113654,4624.9572660730755,1,9,20.147548798030172,0,1,14,0,0.49
2590.8412881524428,3026.6185799625155,3,13,13.762978329003056,0,1,17,0,0.86
3939.144246293152,2219.3433868984775,1,12,0.0,0,1,8,0,1.77
2493.266353904432,1898.0457323537164,2,9,4.047811289160622,0,1,20,0,1.31
2869.4460213656507,2374.0183524329436,3,10,18.991989772860126,0,1,8,0,1.21
4779.96337061575,1862.2517172318462,3,10,7.906693657107843,0,1,22,0,2.57
2247.250206997762,691.0225602654707,1,4,2.7198588085275794,0,1,17,0,3.25
2339.5183583633516,833.9388388121715,3,1,0.0,0,1,15,0,2.81
1132.2403999171288,3454.5518498444844,0,8,4.386904137947714,0,1,13,0,0.33
50.0,3214.1896077002266,0,14,13.006100987158696,0,1,10,0,0.02
3859.724121186063,2105.4725383939663,2,10,15.945295958193602,0,1,20,0,1.83
50.0,2419.853585405427,0,1,0.0,0,1,14,0,0.02
1416.9598128137575,929.2906277758179,0,13,9.203791305904502,0,1,7,0,1.52
3090.7443738769243,4807.996815047751,2,12,1.4545621216532956,0,1,7,0,0.64
3921.9239192535474,3167.388238238909,2,9,0.0,0,1,7,0,1.24
1023.4364395670707,2503.4350911124757,0,2,0.0,0,1,20,0,0.41
50.0,3522.0158478748604,2,8,8.372689884355541,0,1,9,0,0.01
4273.775110625395,5376.851907517243,3,3,0.0,0,1,22,0,0.79
1956.833743780976,3250.8934517075054,3,5,0.0,0,0,8,0,0.6
3050.4011315708653,2185.8073682371055,1,12,0.0,0,1,18,0,1.4
3198.475457157211,2920.70546423581,0,9,0.0,0,0,8,0,1.1
2125.0995582715564,1686.9890597432363,0,4,0.0,0,1,17,0,1.26
2346.440719227606,1661.6411024050556,1,14,27.09520646796956,0,1,13,0,1.41
2358.0097026387652,3211.767436652765,0,10,4.286361777723917,0,1,10,0,0.73
5911.655759930067,4147.809901466378,0,7,0.4205225606965879,0,1,6,0,1.43
3406.522016908343,2803.0238923806564,3,8,34.09726090180021,0,1,14,0,1.22
3463.041902861185,2964.5941349396353,1,6,7.964834890096875,0,1,7,0,1.17
3457.6547357147815,2686.5570932429723,3,13,5.094370781847469,0,1,20,0,1.29
1647.1178706602334,2917.0111719197016,0,13,26.57482418663262,0,1,17,0,0.56
1730.0793660422767,2449.496738036336,2,11,5.168541801916751,0,1,19,0,0.71
3997.6931961510154,2651.003266264999,0,2,29.536564296975058,1,1,13,0,1.51
3244.612073471513,3894.287875655904,1,3,10.21003389222938,0,1,15,0,0.83
2729.6219418102046,3688.319797245932,3,11,15.467930071766009,0,1,19,0,0.74
4212.719265894643,4504.336504945299,1,3,31.770636805063575,0,1,7,0,0.94
5067.470535184731,1926.4493049189205,2,10,5.138983953716133,0,1,12,0,2.63
3758.156533996028,2584.7074905008058,1,12,2.501481509366137,1,1,18,0,1.45
3507.089442867854,4314.572269746304,3,12,14.008259017798629,0,1,8,0,0.81
1861.6187464528875,1804.966018570121,0,7,24.873992661107792,0,1,9,0,1.03
1689.4368932414004,2008.4370053011678,2,5,23.67950998494675,0,1,21,0,0.84
2708.942677419826,3397.4192250318065,3,10,24.05610862652098,0,1,16,0,0.8
50.0,1127.5410664308538,3,2,17.834792675741728,0,0,18,0,0.04
4311.860689239036,4132.407686855744,1,11,0.0,0,1,17,0,1.04
1911.7572235230236,1268.7015988824212,1,9,17.61285790480784,0,1,8,0,1.51
483.566607034526,2913.780493467746,2,9,0.0,0,1,17,0,0.17
1637.92611557619,3575.5801794117087,2,1,0.0,0,0,20,0,0.46
3782.428767729915,2367.455186430743,2,10,12.085223860443037,0,1,17,0,1.6
2358.4998773042025,2597.6654037100934,1,11,1.8020429850940527,0,1,22,0,0.91
4681.958094621425,4561.719995487787,3,10,10.706517425246243,0,1,14,0,1.03
864.2444380861268,2429.3046646032317,0,12,0.0,0,1,18,0,0.36
2225.6096670046454,2262.3445951302656,3,9,18.3982606501036,0,1,12,0,0.98
3387.3380981768096,1432.214036537622,2,4,18.400740833608545,0,1,7,0,2.37
2247.171268445586,3808.688304848618,2,3,27.359259551466188,0,1,8,0,0.59
4964.861451765062,2700.5839451018096,0,10,11.651612895699456,0,1,6,0,1.84
50.0,1601.5812297655884,3,13,8.141932629619708,0,1,14,0,0.03
50.0,4283.246672218177,2,5,0.0,0,0,20,0,0.01
1422.8269715846495,3055.793045352735,2,12,10.130494382564478,0,1,11,0,0.47
2266.1722836375247,2627.7834335232183,1,10,16.264620963348893,0,1,8,0,0.86
5830.45517716844,1146.2239154895196,1,14,4.551950983994376,0,1,11,0,5.09
1836.8431239219185,4165.265523605109,0,3,0.0,0,1,9,0,0.44
50.0,2898.0358944575128,0,13,0.0,1,1,22,0,0.02
3499.3930263025877,75.11216339029897,2,11,2.7131022064030876,0,1,18,0,46.59
1599.8484696276598,1727.3029451634634,2,4,0.0,0,1,13,0,0.93
2455.6522152130933,2306.524682583038,0,6,0.0,0,0,13,0,1.06
3999.8308034971606,2096.650476848388,2,8,0.0,0,1,20,0,1.91
3004.975349455622,2272.8156129185227,3,9,0.0,0,1,9,0,1.32
3062.6889294605935,2629.223583393963,0,11,2.6229269022955517,0,1,18,0,1.16
1888.1151472518345,3819.2220907451865,0,3,0.0,0,1,16,0,0.49
613.5970108445895,1458.1225911823433,0,14,0.0,0,1,6,0,0.42
4165.035458759317,2756.571645564798,0,5,0.0,0,1,14,0,1.51
1156.819623906111,6349.793096699794,1,5,2.678043774724763,0,1,9,0,0.18
4411.393124007124,2814.0953136606367,0,7,17.606963497385877,0,1,11,0,1.57
2434.754827368014,2182.7875632811956,2,7,22.289501886159538,0,1,12,0,1.12
1184.5126524616078,3653.233211943887,0,1,25.599158158195515,0,1,21,0,0.32
4108.371154653562,2559.760041426325,1,3,9.63826139142117,0,1,22,0,1.6
2879.5906052203295,2127.885629692683,1,3,5.007105118456908,0,1,16,0,1.35
883.9490569728898,2056.9440502374273,3,8,19.792678341314282,0,1,20,0,0.43
1759.7906054602195,4339.153470871754,2,8,25.105570078993118,0,1,13,0,0.41
3743.538117062988,3096.5634884633128,0,14,0.6709291224942628,1,1,17,0,1.21
4154.29071888282,2768.4689899914447,2,13,13.216135736293154,0,1,15,0,1.5
50.0,1620.995133611261,1,7,0.0,0,1,12,0,0.03
2428.397634861029,841.5741404546541,2,9,20.588984434019167,0,1,13,0,2.89
3180.628274255051,1883.8044985623328,0,11,10.966570131439658,0,0,13,0,1.69
3812.091169446088,2463.971862629834,2,8,9.173348001510158,0,1,14,0,1.55
132.06628460292268,2955.2132190167363,2,9,19.431003015619048,0,1,15,0,0.04
3796.977376501897,1792.4850689902514,2,14,24.96280562650569,0,1,11,0,2.12
50.0,773.4698473117608,3,11,11.985193737679854,0,1,21,0,0.06
76141.40845527087,2035.5604885807213,8,17,1499.1927712891334,1,0,0,1,37.41
4226.513341010692,823.623861069789,3,8,12.402173141912911,0,1,14,0,5.13
323.1220031683333,1604.6553221218167,1,1,6.647364749304627,0,1,18,0,0.2
50.0,3446.6148557827287,0,3,6.69137890561148,0,1,8,0,0.01
3797.7940083383032,3737.695675528846,1,12,3.391001556766473,0,1,14,0,1.02
2593.399691796539,3012.3395329470213,0,3,18.430320038766553,0,1,18,0,0.86
1373.453505175754,2171.6619343544508,0,12,18.524829170014613,0,1,6,0,0.63
1103.1761538435871,3957.6657693973375,1,11,0.3973899738633122,0,1,12,0,0.28
74243.40732639525,5838.606630295242,11,22,2688.185288185108,1,0,3,1,12.72
50.0,2823.0229465931893,2,5,2.666828303785456,0,1,19,0,0.02
3226.5075007827095,763.6653742892784,1,14,0.0,0,1,9,0,4.23
73640.50633222306,2270.2461720204246,6,11,1391.71132396052,1,0,0,1,32.44
50.0,3612.671782826548,0,5,42.18590152774784,0,0,14,0,0.01
4830.433943228745,2274.1329744496834,3,9,0.0,0,1,10,0,2.12
5371.008951275043,2691.659661274648,0,11,0.9783681134070212,0,1,17,0,2.0
1690.8530680167498,3292.8074956027012,2,12,17.40058698623246,0,1,9,0,0.51
918.5269934827468,932.0049214524975,0,13,8.962592476267563,0,1,18,0,0.99
7943.389161651757,1591.5645209794402,2,3,12.686317987604186,0,1,8,0,4.99
2836.067123559361,2278.2875553684303,2,7,21.134579302801484,0,1,10,0,1.24
4660.81510229002,1854.1957401419145,3,12,13.551305219662234,0,1,15,0,2.51
1943.6515852372886,4523.749139898997,3,3,18.496328600390967,0,1,6,0,0.43
3087.984904432189,3814.1848975751163,0,14,12.60960711013357,0,1,15,0,0.81
1328.3948830060622,2454.3278518695893,1,7,7.926552232617728,0,1,20,0,0.54
50.0,2615.513499722767,0,12,0.0,0,1,11,0,0.02
3622.1954276033407,4978.029109241026,3,12,2.954951419848948,1,0,12,0,0.73
2882.904649438808,3794.6018971119292,3,2,15.144683536697192,0,1,13,0,0.76
6261.30314931984,1290.3700506365315,0,5,13.144349883571987,0,1,20,0,4.85
50.0,1186.3643355629542,0,13,6.0703296879721,0,1,17,0,0.04
2374.3964440638756,50.0,2,13,22.548925172773266,0,0,9,0,47.49
3105.0529681478693,2588.306933223372,1,10,0.0,0,1,15,0,1.2
1601.1715348712867,2944.2345484602456,3,11,2.8756800269459175,0,1,6,0,0.54
3236.494224288199,3790.8467497916736,0,11,10.528228561628616,1,1,16,0,0.85
2656.5072203684817,2100.924182225968,0,9,9.425165562003416,0,1,16,0,1.26
404.4209452957166,2029.295658236618,1,10,26.490076258445807,1,1,15,0,0.2
6181.082437587633,1611.0800754825495,0,10,0.0,1,1,17,0,3.84
1239.6657521379614,1676.6840287110376,0,10,15.073513983477001,0,0,19,0,0.74
2471.500283229529,3144.180947917441,1,2,5.756327557753566,0,0,19,0,0.79
490.3339553134124,2281.1668488366518,3,8,5.44436236089606,0,1,18,0,0.21
2089.768866635091,50.0,2,5,0.0,0,1,17,0,41.8
3888.988076221972,948.4779351981122,2,12,27.749360753047263,0,1,15,0,4.1
1448.6956871227976,1744.786467322724,3,5,34.068162229563356,0,1,14,0,0.83
50.0,3637.419813020866,3,10,5.697349030730998,0,1,16,0,0.01
3255.192666945818,4145.280868922395,3,10,12.501733151685322,0,1,21,0,0.79
5931.366475475821,735.7412534830253,2,9,21.520011473502006,0,1,21,0,8.06
50.0,2083.0825954165666,1,3,8.101961217658666,0,0,7,0,0.02
3717.816847257764,2354.081691584149,3,12,6.962154547879023,0,1,10,0,1.58
2508.9021945257555,4548.229509000796,1,4,0.0,0,1,22,0,0.55
5482.22381613383,1323.2550270790937,2,8,0.0,0,1,9,0,4.14
1704.938507372767,4911.769298765354,2,2,7.45639048174349,1,1,18,0,0.35
5019.154737956216,2695.2624820393635,1,3,2.0145140319391768,0,1,18,0,1.86
4585.4098114610715,2405.230982779027,1,9,20.200811686870065,0,1,10,0,1.91
2103.969443521091,2887.5463514800535,0,4,0.0,0,1,9,0,0.73
828.291359411134,2001.1255427895653,1,8,8.497575497417946,0,0,20,0,0.41
2850.988141149294,2228.1937048242526,2,5,8.815121901137225,0,1,18,0,1.28
1964.1152940481927,2229.433558359714,0,5,2.8053564923536927,0,1,9,0,0.88
3401.731231295886,1792.8749691232047,3,13,0.0,0,1,17,0,1.9
3637.8941934993036,2420.9223546293383,0,5,5.999595274433668,0,1,17,0,1.5
4106.852259470455,4404.915193769377,1,13,20.32384219306345,0,1,6,0,0.93
4203.765302540997,1134.129460299697,1,10,8.31872823177227,0,1,21,0,3.71
4150.2668738182,1921.8944231624957,3,6,5.685464481318881,0,1,12,0,2.16
5877.899117221728,2070.3348649471777,0,7,34.62457357420878,0,1,7,0,2.84
1138.8044045885183,2100.250280939631,3,2,0.0,0,1,20,0,0.54
1547.3032989927344,3111.097581295702,2,11,20.349619292400707,0,1,20,0,0.5
3349.590917227645,4278.747759234151,2,12,5.5187999896260465,0,0,21,0,0.78
4569.831945001728,1103.9306750857284,0,10,5.0058617559429255,0,1,22,0,4.14
1027.0091300960046,3406.9858050260464,0,7,17.67221273728094,0,1,17,0,0.3
3119.6640104624657,1415.5221328644159,0,6,3.026030118043689,0,1,11,0,2.2
50.0,3823.3386967930874,3,11,7.820784166670355,0,1,17,0,0.01
2172.543461281023,3403.2958857980066,0,7,19.361025224088408,0,0,9,0,0.64
3217.8903815200956,2837.4477471074856,0,11,14.150541249201616,0,1,6,0,1.13
4037.8459332120074,2006.3989212756424,2,1,1.6975609808563172,0,0,22,0,2.01
4448.624576240823,4065.678039785824,2,4,4.0899200374832,0,1,21,0,1.09
3556.339477704887,3172.6339303274135,1,13,1.0324700088034664,0,1,21,0,1.12
4723.248800780269,2125.9025093145374,1,11,16.45139624479404,0,1,14,0,2.22
50.0,4017.735816460042,2,9,0.0,0,1,8,0,0.01
50.0,231.55330274948983,3,1,0.0,0,1,14,0,0.22
4117.264109777598,2372.821840013456,0,13,0.7196435711626616,0,1,17,0,1.74
5046.309973106978,4609.319760016987,0,6,7.759982151839443,0,1,18,0,1.09
218.4000265763143,2078.50129739891,1,10,0.0,0,1,19,0,0.11
2343.9203758935732,1047.0717069698699,3,5,8.344377308952724,0,1,21,0,2.24
1319.9499688774233,3446.333343118265,0,3,17.93691191057804,0,1,7,0,0.38
2723.3584821200006,2466.02399721728,0,9,11.808109582932499,0,1,10,0,1.1
1463.1780615379246,3137.4093324206265,1,13,0.0,0,1,16,0,0.47
4184.465503540254,1511.3301463584992,3,10,18.222791225182178,0,1,17,0,2.77
50.0,1064.9458226306617,0,12,7.647026540581091,0,1,21,0,0.05
971.957653826425,3437.117893731026,3,12,14.85448724180539,0,1,18,0,0.28
3188.257684994714,1975.8740718657,1,5,9.79162419981626,0,1,15,0,1.61
50.0,2593.8745772282045,3,6,23.625971276550512,0,1,22,0,0.02
3202.471987794428,2724.570384124259,1,7,17.518717778670773,0,1,18,0,1.18
2119.94824103511,2214.779633913664,1,11,15.5807609293213,0,1,20,0,0.96
3300.6587076183287,3063.4436404189914,2,5,3.773178572064092,0,0,7,0,1.08
6415.75969513325,1721.9699036500892,3,4,32.25010055647473,0,1,9,0,3.73
271.3752143014108,2645.469020427228,2,6,6.497606694612818,0,1,14,0,0.1
2491.7810606338126,3400.839978013693,0,5,24.820327408231616,0,0,19,0,0.73
50.0,889.1747950405586,3,4,13.266289354473585,0,1,18,0,0.06
2988.4420537986266,50.0,2,2,0.0,0,1,19,0,59.77
4180.281169211638,5437.363304311489,3,8,14.303326477974688,0,1,6,0,0.77
2197.2069460256052,2808.1405378166282,2,13,0.0,0,1,10,0,0.78
5146.417122054558,3345.2940022673183,3,12,0.0,0,1,15,0,1.54
50.0,1362.7875965891478,3,9,0.0,0,1,7,0,0.04
195.19754963844298,2286.27583981644,3,5,10.640099668761001,0,1,18,0,0.09
2811.4103122520833,1507.640987743671,1,11,0.0,0,1,20,0,1.86
6318.446527740243,3063.209159457026,0,9,22.968138525428042,0,1,20,0,2.06
1642.9895746466964,50.0,1,6,0.0,0,1,20,0,32.86
3874.5026151559896,1313.2344443434545,1,8,32.063214576653095,0,1,22,0,2.95
3905.3785188027223,2026.0032744421903,0,10,17.493687661930828,0,1,9,0,1.93
4682.894051886219,2180.0927636384718,0,13,0.0,0,1,10,0,2.15
1268.5246797111529,2669.314458594567,1,4,12.646380268443822,0,1,17,0,0.48
4908.244768241175,1093.8899777400666,2,7,0.0,0,1,9,0,4.49
1377.0379904987453,3643.3564277383757,1,8,0.0,0,1,17,0,0.38
2390.4470523462032,3879.043765204651,1,4,12.559079441605384,0,0,17,0,0.62
2197.122332907507,1572.04422278639,3,3,6.652318083562998,0,1,13,0,1.4
84579.40179071718,3522.008131983925,5,15,3024.585313252388,1,0,0,1,24.01
1582.7559447454923,1456.7098661743944,2,10,2.1229098721074724,0,1,12,0,1.09
4654.3517256749155,896.3078945776226,3,3,5.094742031087865,0,1,12,0,5.19
1537.580530425085,3049.8825727430335,0,11,33.71344527442326,0,1,19,0,0.5
3074.6125217844433,232.72289455129567,0,10,5.212834903533633,0,1,14,0,13.21
5138.824474996372,1178.1174634662323,1,4,11.895591949917039,0,1,6,0,4.36
957.4340289401964,2675.314942878878,1,8,0.0,0,1,11,0,0.36
3614.2011111576494,1197.7176506294284,1,2,0.0,0,1,13,0,3.02
5442.547280797535,2733.1025837845264,2,4,24.55065502908559,0,0,8,0,1.99
3324.169362036688,3070.602799782259,1,9,18.898186678059922,0,1,20,0,1.08
2920.925997377166,451.6359942586573,1,13,9.21640069650686,0,1,9,0,6.47
2346.286932273959,5187.403455572485,3,13,0.0,0,0,11,0,0.45
4920.732735070932,2970.4319332718946,3,8,16.173227030002927,1,1,10,0,1.66
4148.601268961538,2587.5098700605595,1,3,8.231053444118436,0,1,20,0,1.6
2786.092694009773,664.2358114060025,1,13,12.901139751908655,0,1,10,0,4.19
2932.58187098595,6623.113139181424,2,9,5.508244882045096,0,1,6,0,0.44
2699.298222318517,2144.6252893709275,0,13,4.65169095813993,0,1,8,0,1.26
50.0,3526.995757727188,3,1,10.754084894820922,0,0,22,0,0.01
2246.450023509372,1900.2504830128019,0,11,0.0,0,1,19,0,1.18
2883.357936629452,2751.6626971207884,0,4,27.210347555021073,0,1,22,0,1.05
682.0935050272565,2306.651779052356,1,4,12.669037894815247,0,1,9,0,0.3
1634.5730287368654,2247.9330724021606,1,14,3.4293064198478467,0,1,14,0,0.73
1886.6789624792345,1913.906012721356,3,3,12.999856781503889,0,1,9,0,0.99
4953.930164176618,1125.0701969205816,3,2,0.0,0,1,13,0,4.4
4085.9136687351856,3579.0772861733317,1,10,1.3109790322047319,0,0,18,0,1.14
2015.6858412998688,2558.726071249734,2,14,4.800324532283465,0,0,15,0,0.79
5459.308541506063,3014.563861400692,1,8,13.292469239762486,0,1,9,0,1.81
662.8184036879061,1483.339650842366,3,5,0.0,0,1,12,0,0.45
79740.4660343483,5524.695346066575,6,23,1722.6290306839157,1,0,2,1,14.43
2845.4730959771027,1834.6644297919443,0,8,7.586934667448192,1,1,14,0,1.55
4804.587472134338,1938.013152023009,3,12,26.345098032515384,0,1,11,0,2.48
50.0,2633.1923740855086,2,10,0.0,0,0,9,0,0.02
857.8770633124591,1294.0630729596483,2,2,0.0,0,1,11,0,0.66
5368.572581007645,1735.0222608194158,0,11,27.78184266179926,0,0,16,0,3.09
3693.4174618133165,1165.2017022623734,2,4,4.907401263348128,0,1,20,0,3.17
2647.2690430083826,2310.0409918603295,3,9,23.203088787640098,0,1,22,0,1.15
3999.317108523659,1905.5953971775666,2,2,24.677110581293817,0,1,12,0,2.1
2251.237846611867,927.7403275400404,3,14,6.683124830191602,0,1,19,0,2.43
4021.3431125200505,1566.190858866561,3,11,10.836503844269547,0,0,16,0,2.57
50.0,2301.213024851021,3,14,4.172877184045582,0,1,21,0,0.02
3551.2674454572925,2509.7173736186305,1,11,30.29813140325852,0,1,16,0,1.42
62950.63272662474,1798.9334201231848,5,29,1217.8808022046953,1,0,0,1,34.99
2671.899420064444,1017.1917030220479,3,14,0.0,0,1,14,0,2.63
2630.8262209876816,5247.400738414906,3,5,12.000034162974462,0,1,22,0,0.5
1459.0307102938455,1478.8681314261153,2,11,25.071061524773757,0,1,18,0,0.99
503.7646179917406,4767.255455220825,3,10,18.619199143569382,0,1,18,0,0.11
112602.12831479224,4161.773402646641,9,9,713.6945775461311,1,0,3,1,27.06
5988.4142360818305,2435.9884453039267,2,2,10.865193666242671,0,1,13,0,2.46
1202.6979603955833,1464.7956175515274,2,5,7.998595410491763,0,1,6,0,0.82
4868.878313724072,672.4494832066357,1,13,2.5489189242228862,0,1,14,0,7.24
3992.5470336063045,3241.56490906473,2,10,0.0,0,1,19,0,1.23
5007.3273201681095,3025.021256040538,0,13,6.688545078847006,0,1,16,0,1.66
2838.1575583222584,1507.838754722793,0,7,0.0,0,1,10,0,1.88
2465.277981065112,3353.7563818810568,0,2,22.78914451614531,0,1,22,0,0.74
2230.975230456723,3953.590233712167,1,2,0.0,0,1,14,0,0.56
1159.4014783528773,4384.652320862818,0,7,6.387809650020486,0,1,14,0,0.26
3261.685561198372,3134.3400658655,3,12,11.182248275806183,0,1,21,0,1.04
50.0,1464.7948668954032,2,14,24.52763187068274,0,1,22,0,0.03
3261.985715282071,259.52778292604216,1,3,0.0,0,1,8,0,12.57
560.4294180504348,2044.3168625804403,3,10,0.0,0,1,7,0,0.27
2658.928549373627,838.0202544091039,1,1,0.0,0,1,19,0,3.17
2292.3477139780994,3420.810811235325,3,13,23.15645970951906,0,1,13,0,0.67
50.0,920.0302856103879,2,6,24.6706444118749,0,1,14,0,0.05
3528.9681740644182,3718.7947400627954,0,1,4.762386566328699,0,1,15,0,0.95
4242.121070107113,1992.809115391373,0,10,4.43510584099948,0,1,12,0,2.13
2598.477698383035,3243.82477639184,2,6,26.657857614907215,0,1,18,0,0.8
2144.0111459239697,2561.677425180511,1,6,7.941611381344485,0,1,8,0,0.84
1336.6467556476748,2929.6029210329516,0,4,15.888377914503607,0,1,12,0,0.46
3502.8188776969882,2984.226816944707,1,2,12.036249069540972,0,1,18,0,1.17
4553.009430791321,2569.917264701785,0,12,0.0,0,1,22,0,1.77
4113.691820227953,2327.2334689346435,0,3,3.79501572616255,0,1,20,0,1.77
4505.76929772694,1482.6021427337942,0,3,6.037364058486965,0,1,18,0,3.04
2461.254657308055,5329.359668049663,2,2,13.735771566106646,0,1,13,0,0.46
2338.0225904804447,3363.130284304386,1,4,11.174302881299052,0,1,8,0,0.7
5502.883370736147,2652.487194915411,2,5,20.655133251782907,0,1,12,0,2.07
2327.7193647217,3362.37068237282,1,7,25.287288429322693,0,1,20,0,0.69
3678.1900156352194,1574.9605934855463,1,1,5.046719766130414,0,1,16,0,2.34
3648.045328119873,1577.7450522503073,3,14,24.775642899008474,0,1,18,0,2.31
3808.5925208180624,3980.61095303852,0,8,0.0,0,1,13,0,0.96
50.0,1447.273070631319,1,6,8.320692030167148,1,1,20,0,0.03
62723.4653599042,1877.9361104151492,11,10,901.4136654215765,1,0,3,1,33.4
4970.536517598821,2187.908152654001,3,8,36.86131360788767,0,1,8,0,2.27
50.0,780.3462760375851,1,10,0.0,1,1,12,0,0.06
2615.208236126861,1130.5417053270128,2,2,10.755544326169368,0,0,8,0,2.31
3156.0221474953337,3076.3693806690244,0,7,11.976688022216974,0,1,12,0,1.03
3187.6188279197486,134.52712714675863,0,14,31.839236860294857,0,0,8,0,23.69
610.1133124790713,2828.6607259116186,1,3,0.2852822160871309,1,1,7,0,0.22
6939.260367467175,2697.625143783662,1,14,0.0,0,1,22,0,2.57
6035.670140381766,2727.707873395183,0,3,0.0,0,1,13,0,2.21
1074.011318507802,1177.435564883771,1,4,17.241408704156633,0,1,19,0,0.91
419.42596007497787,50.0,3,6,13.265149802255848,0,1,14,0,8.39
3166.5397216776423,1950.0667980192597,3,2,1.1961026659447906,0,1,16,0,1.62
4539.033425807391,3532.1074171192904,1,5,0.0,0,1,10,0,1.29
1862.9408568602603,1926.0674343901662,3,8,1.3511895808575485,0,0,17,0,0.97
1153.7626990107676,2309.400740238095,2,10,19.502852338422873,0,1,18,0,0.5
5086.077281068465,976.9545143648529,2,13,7.317678234860969,0,1,20,0,5.21
3078.626040142909,2011.2232992348636,1,4,6.138793528391798,0,1,15,0,1.53
3697.694993925502,2031.5628104804023,3,1,11.40242125643157,0,1,17,0,1.82
50.0,1352.9408943664894,2,14,16.293893697333207,0,1,13,0,0.04
3673.168963294803,4629.018668204522,2,3,0.0,0,1,10,0,0.79
5192.12906278658,6389.510892372143,3,1,0.0,0,1,19,0,0.81
1363.8110254867088,2153.7366636923202,1,13,5.202469785643225,0,1,20,0,0.63
3234.9874956775084,2036.2325527397095,2,11,5.134654613016087,0,1,17,0,1.59
887.6540586527865,3454.426496551692,1,8,7.013398470560519,0,1,17,0,0.26
3518.167421264222,2131.51352937699,3,10,13.204695026796912,0,1,20,0,1.65
2741.7931863486124,1826.8851989451541,3,3,9.096917277937798,0,1,12,0,1.5
2436.2501582990726,419.29311612440506,0,9,0.0,0,1,16,0,5.81
1619.1011140462588,4331.563839983727,0,11,0.0,0,1,15,0,0.37
1120.1940087591968,1230.1634771895178,0,11,12.786252216954585,0,1,13,0,0.91
3122.5091942815734,2496.166860530722,1,12,13.317017735833431,0,1,17,0,1.25
915.024231861335,2795.4163387905223,3,1,0.0,0,1,22,0,0.33
3684.6146618912626,4303.841696836826,2,4,2.4101857364415373,0,1,8,0,0.86
4694.759951708011,3416.915247222052,0,12,13.046564854376422,0,1,7,0,1.37
4149.577996584621,1501.735660403421,0,4,18.135148635621103,0,1,10,0,2.76
4469.936319192169,2329.730801714628,0,6,0.0,0,1,21,0,1.92
3837.320545092779,4315.464009704243,1,8,6.015505512280217,0,1,15,0,0.89
2544.328705180708,1068.2367571476902,2,13,1.5456655199641585,0,0,14,0,2.38
3481.550782908464,1783.3148028083929,3,5,13.4275650333452,0,1,14,0,1.95
3668.295227198414,2460.6300282640027,0,1,11.260917696210836,0,1,13,0,1.49
3482.7040618572933,2777.8561903339846,0,5,13.718895011194999,0,1,13,0,1.25
4605.770565311951,3601.6983524204584,2,9,19.72916600859606,0,1,15,0,1.28
2382.1737571083568,332.9109169854146,1,14,3.918591688239104,1,1,16,0,7.16
2261.3235330065386,2982.778469627939,1,13,10.713983790335279,0,1,7,0,0.76
2723.8514937893224,2016.6103946670182,2,9,24.883466933381705,0,1,8,0,1.35
3775.9515143036606,230.8074281160707,0,3,16.105165655321308,0,1,9,0,16.36
2857.7938131476826,1779.1640466767958,3,14,6.283684762605092,1,1,9,0,1.61
1449.9968747526793,2088.9749815607347,3,2,15.835150961333222,0,0,22,0,0.69
3223.521476505765,3942.8537398933067,2,2,0.0,0,1,14,0,0.82
2512.6330466403692,904.1307730713024,3,11,21.83587166410867,0,0,20,0,2.78
5119.199648772854,531.1184676558107,2,2,3.6052398025755856,0,1,6,0,9.64
1628.985483269934,760.9102232184207,3,13,15.279900498090303,0,1,16,0,2.14
3776.670033925528,5752.656122615659,3,4,6.638702679554073,0,1,20,0,0.66
3936.3188065093727,3935.181014058123,1,2,3.4101992207861196,0,1,6,0,1.0
3262.050098277554,2436.1778179395064,2,10,0.0,0,1,8,0,1.34
1427.817775550226,2147.017078185323,3,10,13.507794805352784,0,1,16,0,0.67
3221.976009667776,5633.323214065409,0,4,12.009351595802455,0,1,13,0,0.57
5116.316072761905,2075.3775749561787,0,4,12.515082803388061,0,1,17,0,2.47
50.0,3106.59525304993,3,7,0.5951017522635231,0,1,7,0,0.02
4042.164547315712,4155.895360836488,0,13,0.0,0,1,22,0,0.97
2818.6040137282384,2837.2111065841746,2,5,21.219800805981915,0,1,9,0,0.99
5177.190979950701,182.15667235196042,1,10,0.13170093203513922,0,1,13,0,28.42
2926.243933059029,2535.6695941948265,0,6,0.0,0,1,10,0,1.15
1189.4913658795124,1926.2020905806148,2,14,29.383514975969,0,1,19,0,0.62
2942.1796894120175,50.0,2,13,0.0,0,1,7,0,58.84
50.0,2005.988665193126,2,3,13.751844434543457,0,1,8,0,0.02
50.0,2345.489709124397,3,3,0.0,0,1,8,0,0.02
370.238657867711,1860.8883988942698,0,11,9.358023899520818,0,0,10,0,0.2
6339.0294484760625,3122.0943550415973,1,14,27.679362713894566,0,1,19,0,2.03
1237.2518248465963,2084.605517638362,0,2,7.55587255414309,1,0,6,0,0.59
1343.6213190491653,1983.7719998657058,1,2,16.41358039526125,0,1,14,0,0.68
759.2121542444888,2590.8740296820934,3,11,5.597759387141876,0,1,7,0,0.29
508.68562826848165,1421.8714398951013,2,5,9.640235526867873,0,1,14,0,0.36
2192.814708276689,1314.9786641815665,3,13,23.67870129184813,0,0,10,0,1.67
3587.5220475157657,988.6345547487294,3,2,0.0,0,1,21,0,3.63
2139.9781714290602,3746.2825568948724,3,7,2.5015204940618503,0,1,6,0,0.57
667.0626250884147,2931.384873655811,1,14,7.986489207240416,0,1,14,0,0.23
5584.761075036897,474.74733778793734,3,3,10.693375652564141,0,1,17,0,11.76
957.7045132806431,3792.97425126362,0,14,5.606839840164338,0,1,13,0,0.25
4886.10924827842,2224.0009647666616,2,6,12.801485987902893,0,1,21,0,2.2
5520.045819446443,3264.3464357043495,3,1,22.200558616434627,0,1,21,0,1.69
92012.25825067444,3935.2931928227986,11,16,1591.662272094407,1,0,0,1,23.38
3839.198935212424,1968.6432141620548,3,5,10.257568006259667,0,1,19,0,1.95
3327.5379758804497,50.0,2,10,31.918795634056124,0,1,13,0,66.55
152.54866989521588,2862.4493861203887,3,10,13.175303687816132,0,1,11,0,0.05
533.05647992896,4103.25831671044,3,2,30.23826999401816,0,1,20,0,0.13
3187.5447338947215,845.7230276774692,0,13,5.408878525527223,0,1,15,0,3.77
660.0157235243109,1918.0023060509577,1,8,23.115063349188635,0,1,8,0,0.34
3571.761589230904,2541.2889951826332,1,1,13.74372397594141,0,1,20,0,1.41
1823.395923798715,3857.664114349972,0,2,3.5537970875697864,0,1,20,0,0.47
499.44094711875414,3233.6253043098495,3,8,19.881852069328072,0,1,21,0,0.15
2264.8179471442563,997.7773453841062,3,14,0.0,0,1,19,0,2.27
2212.077999577954,3647.0002876970602,1,11,0.0,0,1,20,0,0.61
3829.7723024772677,1671.6913859315443,0,5,5.460402279527833,0,1,20,0,2.29
4718.233314496086,2677.9415281499037,2,2,0.26051684087159543,0,1,20,0,1.76
1619.6617676218348,828.0609935735235,0,11,15.235628455587285,0,1,22,0,1.96
3977.106077661293,849.8401138136851,0,5,4.9034320811491225,0,1,8,0,4.68
3871.514908608471,5890.992362741092,3,6,17.260645735779118,0,1,7,0,0.66
2993.561524096542,2167.176085682777,3,5,11.17492693556597,0,1,13,0,1.38
3414.799991692917,3075.80684428266,1,5,10.49690571769153,1,1,14,0,1.11
3492.5019662534214,3890.9157329130207,3,12,7.079974332548618,0,1,10,0,0.9
1312.5822817079652,2871.277345058338,1,3,0.0,0,1,17,0,0.46
3261.626039545359,2307.9040371063766,0,14,18.892095380338745,0,1,16,0,1.41
2722.3595386463667,3373.255494439313,1,5,12.887482158082149,0,1,11,0,0.81
3195.9940311491773,3436.817307910933,1,7,4.427798173517351,0,1,22,0,0.93
2134.9803919172527,1274.495699820872,1,5,0.0,0,1,9,0,1.68
2084.5299971270238,1400.5179987055296,1,6,0.0,0,1,12,0,1.49
1788.7482216539386,2131.758024927642,1,2,0.9210951304403672,0,1,7,0,0.84
50.0,2537.688145095812,2,10,0.0,0,1,12,0,0.02
1624.7509396035184,3373.3433803722273,1,4,20.620665082345955,0,1,8,0,0.48
4292.417927918895,1476.2920033178107,1,3,9.444510166028515,0,1,9,0,2.91
337.7039007126468,2010.2694859865653,3,5,6.87143946140398,0,1,14,0,0.17
50.0,491.1250440861197,3,9,0.0,0,1,6,0,0.1
3069.716345177104,1669.4966120459567,2,4,11.345225295289614,0,1,14,0,1.84
3405.8496278897824,2538.7785654250897,1,6,0.0,0,1,20,0,1.34
2226.3884369617526,2609.111210174172,2,12,9.384304579558236,0,1,18,0,0.85
156.44902543247463,1327.167256368458,0,13,0.0,0,1,12,0,0.12
5681.575222618765,3436.537816732084,3,3,33.2878147973842,0,1,11,0,1.65
831.7515331684308,783.6960601091589,0,13,21.894958751421367,0,1,12,0,1.06
2626.877913538002,2884.35002080867,1,7,29.32341011405832,0,1,14,0,0.91
2708.8693964974163,1950.5184470372942,0,8,12.159810402066586,0,1,15,0,1.39
2762.728544608779,4562.4881916989325,2,13,12.851719539969926,0,1,7,0,0.61
64549.70107832079,3249.1763999973564,10,24,1384.0913155111964,1,0,1,1,19.87
5094.00499049423,3262.4911612219485,3,4,31.5833473358094,0,1,9,0,1.56
2685.2423230168333,2102.769782666561,1,3,5.620584943339015,0,1,12,0,1.28
4680.771062417969,1975.8453278706043,1,14,12.885344822487298,0,0,8,0,2.37
4362.718203508003,4112.889949208254,1,7,11.951163012918304,0,1,22,0,1.06
994.9985986975939,370.4176757953137,3,2,0.0,0,1,19,0,2.69
4581.251082270735,3184.2410846945095,3,14,23.0956812646154,0,1,17,0,1.44
4985.541692071303,2524.369607872487,2,1,20.615442382093605,0,1,14,0,1.97
5701.438859441482,3045.1639668877674,0,12,10.904136971830635,0,1,20,0,1.87
5632.038824455436,935.1804913264946,1,6,0.0,0,1,13,0,6.02
2039.3902309622565,2264.9157100084285,1,9,0.0,0,1,16,0,0.9
3992.798746693871,3358.6456620447993,1,3,9.909338678635695,0,1,21,0,1.19
5796.596905746888,117.04121114683448,1,14,17.388969875123937,0,1,10,0,49.53
1825.1194574189421,2146.4369953675455,3,13,27.50803294116572,0,1,22,0,0.85
59093.08859722892,3678.2940443548437,5,14,1704.4644312418707,1,0,0,1,16.07
1440.605045049363,2952.5589811732325,1,8,28.700395304414812,0,1,17,0,0.49
3774.0368994481564,3304.737172607705,3,4,0.0,0,0,8,0,1.14
1583.1688497735363,3202.167348953292,3,4,1.5236505768141066,0,1,14,0,0.49
3036.674470249814,911.8894878841547,1,14,0.8538881706215591,0,0,13,0,3.33
5134.702953684086,2448.83992521228,2,4,0.0,0,1,14,0,2.1
1554.8144625958364,3192.26237271838,0,8,18.613235666615008,0,1,18,0,0.49
6265.023043124533,1771.3994966271866,1,1,0.0,0,1,8,0,3.54
77113.50519590105,2640.8343583430583,11,10,998.8548206687964,1,0,0,1,29.2
1985.2859086229007,4188.551830860381,1,8,21.170258067738864,0,1,7,0,0.47
817.0807067663286,3889.6536359873453,1,7,0.7063905127381451,0,1,22,0,0.21
50.0,1352.2050237083654,3,5,8.845659397861748,0,1,15,0,0.04
4190.571653648969,3335.4489542033007,3,8,26.426373783127612,0,1,6,0,1.26
1242.3829022166985,1406.0051485974961,3,8,0.0,0,1,16,0,0.88
6616.14538789142,1908.917797645891,1,13,12.695121862809547,0,1,15,0,3.47
2133.3329026100073,1674.6309795874622,3,4,19.802766784205836,0,0,14,0,1.27
5296.5869138359085,2982.097935765739,2,3,10.852664897885925,0,1,15,0,1.78
4598.80539845408,2475.4053253926036,3,14,14.350133689078232,0,0,16,0,1.86
4256.4183597824385,4346.158376834229,2,12,0.0,0,1,8,0,0.98
1326.7043156613072,955.4594121186699,0,8,14.269458334514013,0,1,14,0,1.39
2502.517653959614,3235.7148289300994,1,10,4.274205413684964,1,0,7,0,0.77
1142.4692839435704,4323.265210774614,3,13,10.5409928189938,0,1,9,0,0.26
577.3364435593385,4364.277602193076,0,3,4.866316942890672,0,0,11,0,0.13
4780.6672252550015,5071.2982479384955,0,14,30.264962032719875,0,1,10,0,0.94
2874.1240366285197,2821.1410108373375,3,6,10.480827099340832,0,1,19,0,1.02
4369.481859735012,2895.8834579127524,3,11,26.30477202649508,0,1,14,0,1.51
3299.1211561795244,2276.347523251861,3,14,11.256283551951011,0,1,7,0,1.45
1003.8664301607537,3496.748257047798,3,12,0.0,0,1,6,0,0.29
788.8103163077053,2087.5255941545743,1,7,14.247376809194721,0,1,19,0,0.38
2430.7089600411205,4211.592372280041,0,9,0.5420115749322534,0,1,13,0,0.58
2172.93514617867,2882.1680953292707,3,13,0.0,0,1,12,0,0.75
4944.868505528619,4964.800346166211,0,1,9.32117114257473,0,1,7,0,1.0
4646.50631719343,2135.2783881758282,1,12,4.378085865809767,0,1,16,0,2.18
5687.657850730853,4273.9949205282755,1,13,2.18220773001985,0,1,20,0,1.33
50.0,2967.768064646227,1,5,0.0,0,1,15,0,0.02
2259.445135174636,3473.6984580156623,1,11,0.9634748212495543,0,1,14,0,0.65
1385.5667151110083,1666.5837963162737,0,8,0.0,0,1,7,0,0.83
5012.876291770188,2362.3051527998914,2,4,22.83628301692764,0,1,11,0,2.12
3090.9922954831964,3436.4931498743917,3,12,2.283350930834329,0,1,15,0,0.9
2174.7108995226426,2890.0536894235593,3,9,22.403081372241445,0,1,14,0,0.75
4036.5166019874696,1841.452045243469,2,4,0.0,0,1,13,0,2.19
3004.8392176125335,2838.48639547276,0,7,2.9069966876338746,0,1,17,0,1.06
240.82827571519192,2271.2350364896483,0,11,0.0,0,1,12,0,0.11
4250.221550636502,2315.739613395954,0,5,0.0,0,1,11,0,1.84
2192.6264426088856,3273.6811498108555,0,12,0.0,0,1,20,0,0.67
941.6853648012745,1667.9040025991771,2,5,29.579737075166214,0,1,9,0,0.56
4454.962617964574,2416.6883598173386,3,5,5.584890365197854,0,1,20,0,1.84
284.16490638687355,2217.544008624412,2,5,0.0,0,0,18,0,0.13
1549.6131639180526,5322.776676774867,0,9,36.2682780649053,0,1,13,0,0.29
3110.6582518998152,3003.0407299487265,0,9,7.140031337158105,0,1,20,0,1.04
80711.54878712007,2605.1381355206913,10,11,1739.3015618192721,1,0,0,1,30.98
3583.8250047233523,2060.8819275434234,0,11,0.0,0,1,20,0,1.74
3193.639474112223,2095.0283162480605,0,5,13.753625650290662,0,0,19,0,1.52
2727.3837042387777,3369.370540198255,3,5,0.0,0,0,21,0,0.81
3295.850699742011,1943.194735703929,0,12,0.0,0,1,21,0,1.7
3208.2148829964435,50.0,2,2,3.131767257395772,0,0,13,0,64.16
7289.068610310381,2609.3079601420327,2,12,0.0,0,1,15,0,2.79
2418.8791554200902,2430.934405040897,3,14,7.138110759038728,0,1,19,0,1.0
3270.556742913943,2745.0651107459626,3,3,3.883896571804632,0,1,6,0,1.19
2008.0221318465242,3965.766640249085,0,2,5.897048452913591,0,1,21,0,0.51
3909.223713795963,2966.3503289733408,0,5,11.615723488566584,0,1,6,0,1.32
776.8508276270186,3053.2671737741675,0,1,9.934179753621876,0,1,22,0,0.25
6423.843618630281,3290.464344420509,2,10,19.051357316858518,0,0,8,0,1.95
50.0,4588.31971283303,1,13,22.593787291760215,0,1,8,0,0.01
3617.9566087858534,1751.054733924472,0,8,0.0,0,1,16,0,2.07
68598.33682167913,1979.6800775567713,8,18,816.3878216010856,1,0,2,1,34.65
5956.643848061945,1944.9006231321075,2,14,3.4395106699613622,0,1,17,0,3.06
50.0,1855.9143275880365,1,1,15.689331405296022,0,1,10,0,0.03
2058.8510481676312,886.3063044203045,1,12,30.777097814210258,0,1,21,0,2.32
2487.0921398296905,2675.357969148338,0,12,0.0,0,1,16,0,0.93
2983.2771035859373,2398.5419701196306,3,10,11.538072334584205,0,1,18,0,1.24
3412.7927983027816,1931.098261663638,0,14,0.0,0,1,19,0,1.77
3625.406445181904,998.5134572860102,3,1,1.9668299592674732,0,1,13,0,3.63
50.0,3778.7882673760514,0,12,12.34387615438205,0,1,18,0,0.01
662.4521632230881,3582.0460975868277,2,4,32.1141395742824,0,1,17,0,0.18
1912.2006780893607,2271.732498012281,3,1,0.0,0,1,14,0,0.84
3659.5528070802316,5534.027770250741,1,9,28.241853854739922,0,1,20,0,0.66
76333.82581760218,3898.707864493038,4,27,2610.3244032972575,1,0,2,1,19.58
2663.611342372316,154.8743358944971,0,6,26.618762805076138,0,1,10,0,17.2
537.4293843351716,3334.662905553052,1,13,2.536011858741423,0,1,16,0,0.16
3054.104233898752,2996.69009288688,3,3,0.0,0,1,11,0,1.02
3121.7337339153887,1871.864029023815,3,2,0.0,0,1,19,0,1.67
3544.826170942385,3341.2432322465284,2,5,10.933647276426885,0,1,11,0,1.06
3335.5199281339987,1212.3998150819748,2,9,22.329726710475107,0,0,12,0,2.75
5861.42696517097,2969.02362546227,1,4,21.5645539085246,0,1,22,0,1.97
1631.692444525697,2845.569992456978,2,3,1.730461322490414,0,1,16,0,0.57
3410.1901188546867,3478.80441084636,2,9,7.111453586417962,0,1,20,0,0.98
4648.430343377116,2081.8167063677242,3,7,8.587743350039874,0,1,9,0,2.23
4323.851174518128,2558.7097896161877,1,13,7.824921074862625,0,1,14,0,1.69
77803.23552649602,4132.635724447086,6,25,598.7545500861698,1,0,4,1,18.83
915.234902620382,2089.4171973994958,3,2,0.0,0,1,8,0,0.44
5121.873457512834,2483.4947444689233,0,5,0.0,0,1,7,0,2.06
80826.3484587962,2604.247752796631,11,16,2227.5834268320136,1,0,0,1,31.04
2168.2857120076396,2971.769083776909,1,1,3.514916554170674,0,1,11,0,0.73
4303.678589024015,2473.090830076264,2,5,3.1010370981276054,0,1,9,0,1.74
50.0,1200.7116233248487,0,9,23.011581405021587,0,1,10,0,0.04
1478.6677573416493,1427.4214078577018,1,3,0.0,0,1,17,0,1.04
3848.7794355778724,6095.486914477771,1,9,17.00406324038451,0,1,16,0,0.63
50.0,2506.6490113501573,1,5,11.864038682462384,0,1,10,0,0.02
2116.3482787781886,2700.082203560031,1,9,14.652318859987615,0,1,10,0,0.78
1461.5411881373846,1661.483897422221,0,13,17.17880666321913,1,1,18,0,0.88
4149.190970067063,3147.8619846990787,1,3,0.0,0,1,12,0,1.32
50.0,3347.6561757095023,2,12,0.0,0,1,13,0,0.01
1552.2634969435983,3116.8302459536835,3,10,0.0,0,1,11,0,0.5
4424.261350843577,1513.8317201024772,2,6,0.0,1,1,21,0,2.92
3500.749703987938,1267.8158358717903,2,4,0.0,0,1,9,0,2.76
1761.4065315204396,1192.890255834038,2,8,1.8489784336687185,0,0,15,0,1.48
2710.1333602247446,1474.1980996806599,1,5,0.0,0,1,8,0,1.84
2759.9539692714206,3164.993782098608,3,14,0.0,0,1,17,0,0.87
657.3817212969338,4255.934796085543,3,14,22.233558097450413,0,1,17,0,0.15
6008.128826868482,3186.8986990758326,0,12,16.331756333361856,0,1,6,0,1.89
2521.889777350179,2498.5960131917504,2,1,0.0,0,1,17,0,1.01
328.5945696060294,2189.5684249097717,3,6,0.0,0,1,9,0,0.15
1622.2901019624,2287.2704062192006,3,12,19.451094976962302,0,1,7,0,0.71
872.3674074798655,1617.7642742052205,0,10,13.045047073030712,0,1,21,0,0.54
3504.692867226593,2505.406078611221,3,9,4.8658172580677315,0,1,17,0,1.4
2068.9594381522256,3347.6715420188025,0,11,11.427152447993585,0,1,18,0,0.62
2992.879131110782,1891.3700282429822,2,10,0.0,0,1,20,0,1.58
4028.306517663027,2720.976367493888,2,3,0.0,0,1,13,0,1.48
1099.6697202551197,3638.7249931801107,3,8,25.310486109094498,0,1,15,0,0.3
7527.67283626642,2754.8398335855345,2,3,16.27368277289319,0,1,17,0,2.73
4400.429171548613,2007.732406972577,3,2,24.23196913586503,0,1,18,0,2.19
3420.2888285506433,2959.4741141940303,3,8,16.041249100845903,0,1,18,0,1.16
6995.844408804526,2470.9661341223746,3,5,13.994240782972655,0,1,11,0,2.83
6734.554779551725,3737.828529992442,3,3,0.0,1,1,15,0,1.8
50.0,2452.7751276277686,0,7,21.115789653271857,0,1,17,0,0.02
2896.7546133829037,3641.3982049347123,2,1,13.031122838386041,0,1,10,0,0.8
2271.197943726166,4029.5087984576076,3,4,0.0,0,1,22,0,0.56
3959.089827898344,3517.421951560149,0,14,20.068359094031468,0,1,14,0,1.13
1191.23859106995,2459.7846512076235,2,14,26.849055344745224,0,1,13,0,0.48
4848.322184920087,978.8736775255518,0,12,12.056926273648351,0,1,10,0,4.95
2239.049018890504,863.0153694835717,0,10,6.199117256601587,0,1,10,0,2.59
4130.786846214825,50.0,0,9,14.844067955173184,0,1,8,0,82.62
2193.702458246933,3924.269613518897,3,1,0.0,0,1,7,0,0.56
1534.475654383956,2049.5259196957227,1,1,23.77758955250751,0,1,17,0,0.75
1899.3500606855803,1461.5468075121896,0,14,12.682632327009667,0,0,22,0,1.3
3891.324080995675,3957.4682271447327,1,14,23.834350088357763,0,1,18,0,0.98
50.0,506.95974903750016,1,1,24.711927781706752,0,0,6,0,0.1
1813.4687201593188,1448.6574019610339,0,13,27.820712907873393,0,1,8,0,1.25
2916.897557591337,1994.9861847936713,3,10,15.598476798633467,0,1,22,0,1.46
1560.929891984633,557.3616480637718,1,1,20.15263782990442,0,1,18,0,2.8
3364.8742361928194,4202.687258434365,3,5,3.788420941172287,0,1,9,0,0.8
3568.3128640385657,1894.9282982516133,0,14,9.658685685851273,0,1,9,0,1.88
7921.52991083375,893.0140303125095,1,8,0.0,0,1,6,0,8.87
1859.1063468945754,1055.1797033967289,0,9,0.0,1,1,10,0,1.76
2622.8486644159957,4436.5010178868,3,4,0.0,0,1,20,0,0.59
4124.320048504294,3515.1810157081504,1,8,14.694263832652881,0,1,22,0,1.17
75945.50768196584,1427.5353128904378,8,16,2235.6206076000544,1,0,4,1,53.2
354.02095733857186,4401.520227764235,0,3,11.18028289004339,0,1,18,0,0.08
896.7038596060975,4287.666702652447,1,10,34.360313075965365,0,1,22,0,0.21
3531.047058469792,265.2676383850303,1,4,0.0,0,1,7,0,13.31
2955.2569052050103,1197.666328405678,3,12,0.8627574371443041,0,1,21,0,2.47
2749.567987187661,3064.7795033248863,0,5,14.150704321696029,0,1,7,0,0.9
1705.1536950415893,1696.6513441473421,1,4,3.1909810100952747,0,1,11,0,1.01
1367.7780849929443,1084.5911054978687,0,6,24.478125007150222,0,1,6,0,1.26
4746.474629086864,1511.405480912186,1,8,10.651704722962952,0,1,11,0,3.14
3596.582123567295,2489.6216487853117,3,7,0.0,0,1,6,0,1.44
2299.4266726217634,2257.311892663529,1,3,12.103533824732551,0,1,21,0,1.02
3399.656557735198,2722.7362092291773,1,5,0.5466416695541261,0,1,6,0,1.25
2673.9768541369594,4356.551535451322,3,3,0.0,0,1,7,0,0.61
1847.730704378249,2549.932418435217,3,7,0.553913477664187,0,1,9,0,0.72
501.37039905358915,1079.3585648320316,1,11,0.0,0,1,19,0,0.46
1557.7920259264972,1926.5181522718797,2,9,0.0,0,1,12,0,0.81
2210.1884301484706,4936.447588910925,2,3,0.0,0,1,18,0,0.45
2737.5773499665383,1151.653276540017,2,12,9.73877964515287,0,1,18,0,2.38
1763.634656011212,1934.6679886639613,2,12,25.678272754982714,0,1,15,0,0.91
50.0,2350.8006149813186,0,8,8.177684218763149,0,1,19,0,0.02
3394.5219021098656,2888.1689001908057,2,12,3.8211055849552924,0,1,14,0,1.18
4797.94535759026,3761.4711684711115,2,9,8.162257113522392,0,1,21,0,1.28
3187.176644474265,2541.052141999358,1,10,2.586981154048873,0,1,21,0,1.25
2065.2882832198825,2324.380331391436,1,13,12.126864326833886,0,1,15,0,0.89
2521.700634484164,1272.4600861831452,2,7,15.329537310641946,0,1,18,0,1.98
476.656233551887,1092.5813736591035,0,8,8.76487807673711,0,1,13,0,0.44
4196.354140809837,3053.4545424452167,0,13,16.94465183702155,0,0,16,0,1.37
4164.695591010712,2675.0325169896505,1,5,7.468250774934983,0,1,14,0,1.56
3957.98823044028,2441.3876971191876,2,8,0.0,0,1,10,0,1.62
4231.437421732766,2500.7898498676077,2,10,13.769362197311782,0,0,17,0,1.69
2611.075319199689,4768.876211321447,2,12,0.2756803272433306,0,1,7,0,0.55
50.0,543.2108533007192,3,9,13.569996113700917,0,1,15,0,0.09
2749.6315782456077,1453.1378700474486,0,12,20.298770083305676,0,1,19,0,1.89
446.1995829071093,2290.951543568427,2,4,0.0,0,1,12,0,0.19
5179.844609341259,349.5605729394056,1,11,15.635178697180114,0,0,19,0,14.82
3929.4890140093203,2497.980627406034,2,11,2.201264862445665,0,1,17,0,1.57
49512.41469089176,1160.7124523809848,5,24,1690.3310443901864,1,0,1,1,42.66
2023.5890111688811,1785.156069503913,2,12,14.382657430421594,0,1,10,0,1.13
6957.71995976214,4282.187613925424,0,7,34.002169466046986,0,1,11,0,1.62
4344.356586262877,1591.7081526819222,3,10,15.006011697544,0,1,13,0,2.73
2861.5198883042335,2912.98025943023,0,12,0.7399933893518273,0,1,20,0,0.98
1968.171264689598,2202.0957608413873,1,2,29.72193793032109,0,1,9,0,0.89
3787.170257493639,2436.4496036043665,3,10,4.752803461116022,0,1,16,0,1.55
50.0,50.0,0,10,3.8752233373019545,0,1,15,0,1.0
419.1406977620759,803.7896821021777,0,5,0.0,0,1,15,0,0.52
2942.587086047451,4881.94601654054,0,12,9.717513005491012,0,1,10,0,0.6
1349.7073000969742,1692.8246185726084,2,9,7.6519926481350025,0,1,16,0,0.8
8044.952438813193,2921.884939554951,0,13,15.928138538458786,0,1,22,0,2.75
66859.65418643455,5718.451270613939,4,13,1561.1609381491332,1,0,4,1,11.69
2641.8957785133407,2717.036109585798,1,2,2.523746020299644,0,1,9,0,0.97
50.0,2367.4937193899077,3,14,0.9420551218509523,0,1,18,0,0.02
2187.0890289426898,3645.4119467452183,3,9,7.015928232463723,0,1,8,0,0.6
3714.5423893583175,1705.9316821742264,3,10,27.21460284441455,0,1,11,0,2.18
4740.118040341327,2695.6842495192413,2,7,20.59702159131961,0,1,18,0,1.76
5529.463564105605,583.0868546001254,1,9,1.2724772205603703,0,1,16,0,9.48
551.692052779505,1009.0498150511089,3,8,0.0,0,1,12,0,0.55
832.7885660222512,4229.2921338880205,2,3,0.0,0,1,17,0,0.2
50.0,2877.9607445821466,0,3,28.79513309882268,0,0,21,0,0.02
1176.199951274108,1522.036832000775,2,9,26.27918155404032,1,1,11,0,0.77
1913.9552402223046,3200.161751958177,1,11,13.799765869190036,0,1,22,0,0.6
2100.998974361237,2296.3682001205007,2,6,16.163552912957662,0,1,18,0,0.91
494.0754276775024,3609.4904279142233,1,4,0.0,0,1,7,0,0.14
4867.736229680937,3210.5525813840545,0,9,0.0,0,1,19,0,1.52
1839.785775103496,1908.3708935410978,1,9,0.0,0,1,10,0,0.96
2563.952445633979,4453.424762432876,0,4,0.8325512492592138,0,1,10,0,0.58
673.3376777281237,1707.1876674738346,2,2,3.952814471710499,0,1,11,0,0.39
4592.689632680064,5492.827379658288,3,9,0.0,0,1,10,0,0.84
2708.476089203293,1968.377911912129,2,1,7.773121557516376,1,1,14,0,1.38
421.5446710385154,3733.1252336814086,0,10,6.769987571616404,1,1,19,0,0.11
50.0,2539.895819613594,1,11,13.334866870884376,1,1,21,0,0.02
1849.7482528162357,4140.015014461939,3,4,0.0,0,0,11,0,0.45
2822.6413042332997,1109.076287958878,0,12,20.57879498468021,0,1,8,0,2.55
4188.759867571454,2256.676773203418,3,7,0.0,1,1,7,0,1.86
2685.0329467759134,3466.2935556736265,3,13,14.64316575895161,0,1,14,0,0.77
7337.275645884345,2984.867017744115,0,3,18.35135862810648,0,1,18,0,2.46
2514.457293330361,50.0,2,12,10.933515191215587,0,0,14,0,50.29
2408.9929152063823,253.95821632067646,2,8,6.595981382336433,0,1,13,0,9.49
5998.929112463904,2348.847480943601,0,6,7.336177207577032,0,1,16,0,2.55
50.0,1768.5305772836373,2,8,16.415810938468734,0,1,17,0,0.03
4796.505660685837,5432.920362791643,2,10,0.0,0,1,16,0,0.88
3665.343986030636,1914.269469593678,0,2,1.2459071265457187,0,1,14,0,1.91
1277.810141018775,2864.4910029415937,1,10,20.608360680790334,0,1,18,0,0.45
50.0,2543.7324709915715,2,13,0.0,0,1,8,0,0.02
4417.399504256709,3174.759813671364,0,12,29.77705152738576,0,1,18,0,1.39
4746.610845331357,2353.906651466904,3,12,8.811305585338468,1,1,19,0,2.02
2687.0559688563844,1050.0640664009675,1,4,13.536969373009553,1,1,15,0,2.56
1348.6927227675685,2591.5681730188558,1,11,19.39562349023652,0,1,22,0,0.52
2390.6428646398185,4180.566936637335,1,13,9.994596734457609,0,1,18,0,0.57
5361.5712691209155,1398.491433889202,2,1,16.663566444961024,0,1,22,0,3.83
5610.588763246432,3715.376446234448,0,13,22.67328184978777,0,1,16,0,1.51
1847.0090307410674,4475.7916905806,3,3,5.270105842957924,0,1,17,0,0.41
2981.6227632647224,1681.339937254169,1,1,2.3768346324143375,0,1,11,0,1.77
3523.4709095418625,3455.260740983593,3,9,6.727198791933612,0,1,8,0,1.02
5998.095724811717,1907.9947424800343,2,8,13.22902932300894,0,1,21,0,3.14
1446.1104374784634,1293.337670926095,0,13,2.469508609043232,0,1,11,0,1.12
7542.533357947,50.0,2,4,0.0,0,1,16,0,150.85
2110.262821955222,3569.0917779153497,2,8,5.500894002706608,1,1,11,0,0.59
2844.1896983271786,1855.4966564578149,2,4,15.304812312732976,0,1,13,0,1.53
96102.45034711281,2328.5890965307863,10,20,1938.6037641636008,1,0,0,1,41.27
3320.8464825228,2910.029063149797,1,10,7.322846849643925,0,1,22,0,1.14
3970.4482100410555,2448.470700451906,0,3,4.994911298748069,0,1,15,0,1.62
4068.3660979971655,3118.408184887311,1,14,17.701636846680167,0,1,6,0,1.3
2824.0764628885527,1970.6107036654662,3,6,27.43024942786862,0,1,13,0,1.43
993.001355179565,3189.60140857761,2,3,15.616702270150649,0,1,15,0,0.31
1790.3816364811128,3786.223274385847,0,12,0.0,0,1,6,0,0.47
2900.6908302383213,1412.4262084593938,3,13,6.814464863725046,0,1,8,0,2.05
4630.558686828141,2017.082946518,3,6,0.9215756539121713,0,1,18,0,2.3
5909.352915930582,1101.2063921131446,0,12,0.0,0,1,20,0,5.37
1750.392869855156,3760.640379887801,1,7,0.0,0,1,22,0,0.47
